steps,return
36,1221.7815166666667
39,1240.520566666667
42,1234.3801833333332
45,1235.7942333333333
48,1231.89085
51,1237.1469833333338
54,1245.2733500000002
